{
  "version": 1,
  "author": "Anderson Carlos",
  "editor": "wokwi",
  "parts": [
    {
      "type": "wokwi-breadboard-half",
      "id": "bb2",
      "top": 5.7,
      "left": -582.3,
      "rotate": 90,
      "attrs": {}
    },
    {
      "type": "board-pi-pico-w",
      "id": "pico",
      "top": -32.55,
      "left": -725.75,
      "rotate": 180,
      "attrs": { "builder": "pico-sdk" }
    },
    {
      "type": "wokwi-led",
      "id": "led1",
      "top": -253.2,
      "left": -274.6,
      "attrs": { "color": "red" }
    },
    {
      "type": "wokwi-led",
      "id": "led2",
      "top": -138,
      "left": -274.6,
      "attrs": { "color": "green" }
    },
    {
      "type": "wokwi-led",
      "id": "led3",
      "top": -205.2,
      "left": -274.6,
      "attrs": { "color": "yellow" }
    },
    {
      "type": "wokwi-resistor",
      "id": "r1",
      "top": -43.2,
      "left": -480.55,
      "rotate": 90,
      "attrs": { "value": "220" }
    },
    {
      "type": "wokwi-resistor",
      "id": "r2",
      "top": -52.8,
      "left": -470.95,
      "rotate": 90,
      "attrs": { "value": "220" }
    },
    {
      "type": "wokwi-resistor",
      "id": "r3",
      "top": -62.4,
      "left": -461.35,
      "rotate": 90,
      "attrs": { "value": "220" }
    },
    {
      "type": "wokwi-buzzer",
      "id": "bz1",
      "top": 328.8,
      "left": -123,
      "attrs": { "volume": "0.1" }
    },
    {
      "type": "wokwi-buzzer",
      "id": "bz2",
      "top": -326.4,
      "left": -134.4,
      "rotate": 180,
      "attrs": { "volume": "0.1" }
    },
    {
      "type": "wokwi-pushbutton",
      "id": "btn1",
      "top": 493,
      "left": -191.8,
      "rotate": 180,
      "attrs": { "color": "green" }
    },
    {
      "type": "wokwi-pushbutton",
      "id": "btn2",
      "top": -445,
      "left": -172.8,
      "attrs": { "color": "green" }
    },
    {
      "type": "wokwi-resistor",
      "id": "r4",
      "top": 264,
      "left": -394.15,
      "rotate": 90,
      "attrs": { "value": "220" }
    },
    {
      "type": "wokwi-resistor",
      "id": "r5",
      "top": -62.4,
      "left": -394.15,
      "rotate": 90,
      "attrs": { "value": "220" }
    },
    {
      "type": "wokwi-led",
      "id": "led4",
      "top": -358.8,
      "left": -255.4,
      "attrs": { "color": "green" }
    },
    {
      "type": "wokwi-led",
      "id": "led5",
      "top": 347.2,
      "left": -245.4,
      "rotate": 180,
      "attrs": { "color": "green" }
    },
    {
      "type": "wokwi-led",
      "id": "led6",
      "top": -205.2,
      "left": -985,
      "attrs": { "color": "red" }
    },
    {
      "type": "wokwi-resistor",
      "id": "r6",
      "top": -91.2,
      "left": -989.35,
      "rotate": 90,
      "attrs": { "value": "220" }
    }
  ],
  "connections": [
    [ "pico:GP0", "$serialMonitor:RX", "", [] ],
    [ "pico:GP1", "$serialMonitor:TX", "", [] ],
    [ "r3:1", "led2:A", "red", [ "h0" ] ],
    [ "led3:A", "r2:1", "red", [ "v28.8", "h-192" ] ],
    [ "r1:1", "led1:A", "red", [ "h0", "v-134.4", "h201.6" ] ],
    [ "r4:2", "led5:A", "orange", [ "h0" ] ],
    [ "r5:1", "led4:A", "orange", [ "h0", "v-211.2", "h134.4" ] ],
    [ "led4:C", "bb2:tn.1", "gray", [ "v0", "h-66.8" ] ],
    [ "btn1:2.l", "bz1:1", "gray", [ "h0" ] ],
    [ "btn2:2.r", "bz2:1", "gray", [ "h19.4", "v0.2" ] ],
    [ "btn2:2.l", "bb2:tn.2", "gray", [ "h-28.8", "v259.4" ] ],
    [ "bb2:8t.a", "bz1:2", "cyan", [ "h192", "v384", "h86.4" ] ],
    [ "bz2:2", "bb2:7t.a", "cyan", [ "v-9.6", "h-66.8", "v0", "h-9.6", "v364.8" ] ],
    [ "btn2:1.l", "bb2:2t.e", "blue", [ "h0" ] ],
    [ "pico:GP15", "bb2:1b.j", "green", [ "h182.4", "v-0.04" ] ],
    [ "pico:GP14", "bb2:2b.j", "green", [ "h0" ] ],
    [ "led5:C", "bb2:tn.24", "gray", [ "v0" ] ],
    [ "btn1:2.r", "bb2:tn.23", "gray", [ "h-9.8", "v-0.2" ] ],
    [ "bb2:28t.d", "btn1:1.r", "blue", [ "h0", "v288" ] ],
    [ "bb2:2t.c", "bb2:28t.c", "blue", [ "h0" ] ],
    [ "led2:C", "bb2:tn.5", "gray", [ "v0" ] ],
    [ "led3:C", "bb2:tn.4", "gray", [ "v9.6", "h-18.8", "v161.6" ] ],
    [ "led1:C", "bb2:tn.3", "gray", [ "v0", "h-38", "v211.2" ] ],
    [ "bb2:tn.25", "pico:GND.1", "gray", [ "h0.1", "v78.4", "h-259.2", "v-201.6" ] ],
    [ "bb2:29t.c", "pico:GP2", "orange", [ "h-201.6", "v-115.2" ] ],
    [ "bb2:3b.j", "pico:GP13", "green", [ "h-153.6", "v9.6" ] ],
    [ "bb2:1t.b", "bb2:29t.b", "orange", [ "v0" ] ],
    [ "bb2:7t.d", "bb2:8t.d", "cyan", [ "h0" ] ],
    [ "pico:GP10", "bb2:7t.e", "cyan", [ "h0" ] ],
    [ "bb2:28t.e", "pico:GP3", "blue", [ "h-172.8", "v-115.2" ] ],
    [ "pico:GND.5", "led6:C", "gray", [ "h0" ] ],
    [ "r6:2", "pico:GP17", "green", [ "h0", "v18" ] ],
    [ "r6:1", "led6:A", "green", [ "h0" ] ],
    [ "r1:2", "bb2:3b.h", "", [ "$bb" ] ],
    [ "r2:2", "bb2:2b.g", "", [ "$bb" ] ],
    [ "r3:2", "bb2:1b.f", "", [ "$bb" ] ],
    [ "r4:1", "bb2:29t.a", "", [ "$bb" ] ],
    [ "r5:2", "bb2:1t.a", "", [ "$bb" ] ]
  ],
  "dependencies": {}
}